epoch,time,train/box_loss,train/cls_loss,train/dfl_loss,metrics/precision(B),metrics/recall(B),metrics/mAP50(B),metrics/mAP50-95(B),val/box_loss,val/cls_loss,val/dfl_loss,lr/pg0,lr/pg1,lr/pg2
1,97.3264,2.68237,3.413,3.5605,0.16159,0.45863,0.15986,0.10498,1.21553,2.64743,2.42063,0.000552339,0.000552339,0.000552339
2,191.179,1.01627,2.06433,1.75499,0.20134,0.97649,0.31306,0.20457,1.19644,1.84727,2.28582,0.000888621,0.000888621,0.000888621
3,283.196,0.59984,1.72399,1.29366,0.22576,0.96452,0.38434,0.28538,0.98511,1.53982,1.92896,0.00100486,0.00100486,0.00100486
4,375.175,0.46579,1.57919,1.15699,0.46151,0.77749,0.45146,0.37005,0.73823,1.46626,1.62066,0.000676802,0.000676802,0.000676802
5,466.92,0.35537,1.46122,1.06167,0.52277,0.75661,0.54979,0.47734,0.68006,1.29356,1.55633,0.000346736,0.000346736,0.000346736
